{"metadata":{"asset_id":"8704a106-945a-4063-9ec0-c1f4279e8d53","asset_attributes":["data_asset"],"name":"Weatherchannelreleventdata1520.csv","asset_type":"data_asset","created_at":"2021-04-12T05:03:56Z","description":"","origin_country":"us","owner_id":"IBMid-55000AE82E","project_id":"90c22a26-9b07-4504-8222-a1c5cf830dfd","size":33131136,"tags":[],"usage":{"last_update_time":1618203837239,"last_updated_at":"2021-04-12T05:03:57Z"}},"entity":{"data_asset":{"mime_type":"text/csv","dataset":false}},"attachments":[{"id":"c6e2faab-6eea-49f6-980d-ceaa3e7b4f4c","version":2,"asset_type":"data_asset","name":"Weatherchannelreleventdata1520.csv","mime":"text/csv","datasource_type":"193a97c1-4475-4a19-b90c-295c4fdc6517","object_key":"Weatherchannelreleventdata1520.csv","creator_id":"IBMid-55000AE82E","create_time":1618203837238,"size":33131136,"is_remote":false,"is_managed":false,"is_referenced":true,"is_object_key_read_only":true,"is_user_provided_path_key":true,"transfer_complete":true,"is_partitioned":false,"complete_time_ticks":1618203837238,"user_data":{},"test_doc":0,"handle":{"bucket":"tncv2-donotdelete-pr-21clkvymnfbvnw","location":"us-geo","key":"Weatherchannelreleventdata1520.csv","upload_id":"done","max_part_num":1},"usage":{"access_count":0,"last_accessor_id":"IBMid-55000AE82E","last_access_time":1618203837238}}]}
