{"metadata":{"asset_id":"f83a5bb3-5b53-4e79-9373-74941eb834cd","asset_attributes":["data_asset"],"name":"karuru_water.csv","asset_type":"data_asset","created_at":"2021-04-23T03:14:33Z","description":"","origin_country":"us","owner_id":"IBMid-55000AE82E","project_id":"90c22a26-9b07-4504-8222-a1c5cf830dfd","size":1844642,"tags":[],"usage":{"last_update_time":1619147673934,"last_updated_at":"2021-04-23T03:14:33Z"}},"entity":{"data_asset":{"mime_type":"text/csv","dataset":false}},"attachments":[{"id":"b22fa4de-ec3d-449f-8d2a-565289978b65","version":2,"asset_type":"data_asset","name":"karuru_water.csv","mime":"text/csv","datasource_type":"193a97c1-4475-4a19-b90c-295c4fdc6517","object_key":"karuru_water.csv","creator_id":"IBMid-55000AE82E","create_time":1619147673934,"size":1844642,"is_remote":false,"is_managed":false,"is_referenced":true,"is_object_key_read_only":true,"is_user_provided_path_key":true,"transfer_complete":true,"is_partitioned":false,"complete_time_ticks":1619147673934,"user_data":{},"test_doc":0,"handle":{"bucket":"tncv2-donotdelete-pr-21clkvymnfbvnw","location":"us-geo","key":"karuru_water.csv","upload_id":"done","max_part_num":1},"usage":{"access_count":0,"last_accessor_id":"IBMid-55000AE82E","last_access_time":1619147673934}}]}
